{
  "project_info": {
    "project_number": "344412749050",
    "firebase_url": "https://ringa-1081f-default-rtdb.firebaseio.com",
    "project_id": "ringa-1081f",
    "storage_bucket": "ringa-1081f.appspot.com"
  },
  "client": [
    {
      "client_info": {
        "mobilesdk_app_id": "1:344412749050:android:662ed1567f138797b29d43",
        "android_client_info": {
          "package_name": "com.example.ringa"
        }
      },
      "oauth_client": [
        {
          "client_id": "344412749050-3v9g8cohn22mkt22k8pskplkfjrea82j.apps.googleusercontent.com",
          "client_type": 3
        }
      ],
      "api_key": [
        {
          "current_key": "AIzaSyDa7NCFNrj8mi9JyKp0zs9SNMrQ_tvFwik"
        }
      ],
      "services": {
        "appinvite_service": {
          "other_platform_oauth_client": [
            {
              "client_id": "344412749050-3v9g8cohn22mkt22k8pskplkfjrea82j.apps.googleusercontent.com",
              "client_type": 3
            }
          ]
        }
      }
    }
  ],
  "configuration_version": "1"
}